chunk_id,chunk_text
1,"Employee Handbook – Human Resources Policies This handbook defines the human resources policies applicable to all employees of the organization. These policies are designed to establish clear expectations, ensure consistency in decision-making, and promote a professional, inclusive, and productive work environment. Employees are expected to read, understand, and comply with the policies outlined in this document. The organization reserves the right to modify these policies at any time to meet business, legal, or operational requirements. Leave Policy The organization provides various types of leave to support employee well-being, work-life balance, and personal responsibilities. Employees are entitled to annual leave, sick"
2,"right to modify these policies at any time to meet business, legal, or operational requirements. Leave Policy The organization provides various types of leave to support employee well-being, work-life balance, and personal responsibilities. Employees are entitled to annual leave, sick leave, and casual leave in accordance with company guidelines and applicable labor laws. Annual leave is intended for planned time off and should be requested in advance through the official leave management system, subject to approval by the reporting manager. Sick leave may be availed in cases of illness or medical emergencies, and employees may be required to submit medical"
3,"off and should be requested in advance through the official leave management system, subject to approval by the reporting manager. Sick leave may be availed in cases of illness or medical emergencies, and employees may be required to submit medical documentation depending on the duration of absence. Casual leave is intended for short-term personal needs and should be communicated to the manager at the earliest possible opportunity. Misuse of leave privileges or failure to follow approval procedures may result in corrective action. Attendance and Working Hours Policy Regular attendance and punctuality are essential to maintaining operational efficiency and teamwork. Employees"
4,"the manager at the earliest possible opportunity. Misuse of leave privileges or failure to follow approval procedures may result in corrective action. Attendance and Working Hours Policy Regular attendance and punctuality are essential to maintaining operational efficiency and teamwork. Employees are expected to adhere to their assigned working hours and comply with the attendance requirements defined by their department. Attendance is monitored through the organization’s attendance management systems, and employees are responsible for ensuring accurate records of their working time. Repeated late arrivals, early departures, or unapproved absences may lead to disciplinary action. Managers are responsible for monitoring attendance trends"
5,"is monitored through the organization’s attendance management systems, and employees are responsible for ensuring accurate records of their working time. Repeated late arrivals, early departures, or unapproved absences may lead to disciplinary action. Managers are responsible for monitoring attendance trends and addressing concerns in a fair and consistent manner, while employees are encouraged to communicate proactively in cases of unavoidable delays or absences. Code of Conduct The organization is committed to maintaining a workplace that is respectful, ethical, and professional. Employees are expected to conduct themselves in a manner that upholds the organization’s values and reputation. Any form of harassment,"
6,"delays or absences. Code of Conduct The organization is committed to maintaining a workplace that is respectful, ethical, and professional. Employees are expected to conduct themselves in a manner that upholds the organization’s values and reputation. Any form of harassment, discrimination, intimidation, or inappropriate behavior will not be tolerated. Employees must treat colleagues, clients, and business partners with dignity and respect, regardless of role, background, or personal characteristics. Ethical behavior, honesty, and accountability are expected in all professional interactions. Violations of the code of conduct may result in disciplinary measures, including termination of employment, depending on the severity of the"
7,"respect, regardless of role, background, or personal characteristics. Ethical behavior, honesty, and accountability are expected in all professional interactions. Violations of the code of conduct may result in disciplinary measures, including termination of employment, depending on the severity of the offense. Remote Work Policy Remote work may be permitted based on job responsibilities, performance history, and managerial discretion. Employees approved for remote work are expected to maintain the same level of productivity, professionalism, and accountability as on-site employees. This includes adherence to work schedules, participation in meetings, and timely completion of assigned tasks. Employees working remotely must ensure that they"
8,"for remote work are expected to maintain the same level of productivity, professionalism, and accountability as on-site employees. This includes adherence to work schedules, participation in meetings, and timely completion of assigned tasks. Employees working remotely must ensure that they have a secure and reliable work environment, including appropriate internet connectivity and data security measures. The organization reserves the right to modify or revoke remote work arrangements based on business needs or performance considerations. Data Security and Confidentiality Policy Protecting company and client information is a critical responsibility of every employee. Employees must ensure that confidential, proprietary, and sensitive data"
9,"to modify or revoke remote work arrangements based on business needs or performance considerations. Data Security and Confidentiality Policy Protecting company and client information is a critical responsibility of every employee. Employees must ensure that confidential, proprietary, and sensitive data is accessed only for legitimate business purposes and shared strictly on a need-to-know basis. Unauthorized disclosure, misuse, or negligent handling of data may expose the organization to legal, financial, and reputational risks. Employees are required to comply with all information security guidelines, including password management, secure system access, and data handling procedures. Any suspected data breaches or security incidents must"
10,"of data may expose the organization to legal, financial, and reputational risks. Employees are required to comply with all information security guidelines, including password management, secure system access, and data handling procedures. Any suspected data breaches or security incidents must be reported immediately to the appropriate department. Non-compliance with data security policies may result in disciplinary action. Termination and Exit Process Employment with the organization may be terminated by either the employee or the organization in accordance with the terms outlined in the employment contract and applicable laws. Employees intending to resign are required to provide notice as specified in"
11,"Process Employment with the organization may be terminated by either the employee or the organization in accordance with the terms outlined in the employment contract and applicable laws. Employees intending to resign are required to provide notice as specified in their contract and ensure a smooth transition of responsibilities. The organization may initiate termination for reasons including performance issues, misconduct, or organizational restructuring. Upon termination, employees must complete all exit formalities, including the return of company assets, completion of knowledge transfer, and clearance of outstanding obligations. Final settlements will be processed only after successful completion of all exit requirements. Acknowledgment"
12,"or organizational restructuring. Upon termination, employees must complete all exit formalities, including the return of company assets, completion of knowledge transfer, and clearance of outstanding obligations. Final settlements will be processed only after successful completion of all exit requirements. Acknowledgment and Compliance All employees are expected to comply with the policies outlined in this handbook as a condition of employment. Failure to adhere to these policies may result in disciplinary action, up to and including termination of employment. Employees are encouraged to seek clarification from the human resources department if they have questions regarding any policy. Acknowledgment of this handbook"
13,"Failure to adhere to these policies may result in disciplinary action, up to and including termination of employment. Employees are encouraged to seek clarification from the human resources department if they have questions regarding any policy. Acknowledgment of this handbook confirms the employee’s understanding and acceptance of the organization’s policies and procedures."
